insert_mean	insert_sd	error_rate	pairs	assigned	correct	recovery_pct	precision_pct	theoretical_pct	sensitivity_recoverable_pct
150	50	0.001	100000	98525	98525	98.525	100.000	98.564	99.960
150	50	0.005	100000	97251	97251	97.251	100.000	98.602	98.630
150	50	0.010	100000	92089	92089	92.089	100.000	98.564	93.431
200	50	0.001	100000	88323	88323	88.323	100.000	88.366	99.951
200	50	0.005	100000	86690	86690	86.690	100.000	88.198	98.290
200	50	0.010	100000	80327	80327	80.327	100.000	88.243	91.029
250	50	0.001	100000	57583	57583	57.583	100.000	57.626	99.925
250	50	0.005	100000	56269	56269	56.269	100.000	57.440	97.961
250	50	0.010	100000	51498	51498	51.498	100.000	57.711	89.234
300	50	0.001	100000	20925	20925	20.925	100.000	20.938	99.938
300	50	0.005	100000	20528	20528	20.528	100.000	21.018	97.669
300	50	0.010	100000	18433	18433	18.433	100.000	20.953	87.973
350	50	0.001	100000	3485	3485	3.485	100.000	3.485	100.000
350	50	0.005	100000	3516	3516	3.516	100.000	3.609	97.423
350	50	0.010	100000	3057	3056	3.057	99.967	3.493	87.489
