insert_bin_bp	pairs	assigned_pct	correct_pct
50	5717	99.283	99.283
60	5556	99.334	99.334
70	5704	99.474	99.474
80	5651	99.274	99.274
90	5713	98.985	98.985
100	5687	99.314	99.314
110	5635	98.917	98.917
120	5798	98.931	98.931
130	5801	98.948	98.948
140	5584	98.406	98.406
150	5664	98.888	98.888
160	5677	98.714	98.714
170	5697	98.613	98.613
180	5618	98.113	98.113
190	5544	98.124	98.124
200	5673	98.079	98.079
210	5776	98.078	98.078
220	5722	97.868	97.868
230	5772	97.956	97.956
240	5795	97.204	97.204
250	5723	97.327	97.327
260	5684	0.000	0.000
270	5706	0.000	0.000
280	5626	0.000	0.000
290	5483	0.000	0.000
300	5817	0.000	0.000
310	5616	0.000	0.000
320	5717	0.000	0.000
330	5741	0.000	0.000
340	5619	0.000	0.000
350	5802	0.000	0.000
360	5899	0.000	0.000
370	5746	0.000	0.000
380	5794	0.000	0.000
390	5699	0.000	0.000
400	544	0.000	0.000
